,mass,airspeed,lift,cl,CDind,CDff,e,wing_l,fs_v,Cd0,Cd,drag,power,solar_power
0,5.0,10.0,49.050000000000004,1.6339880939096876,0.0440267,0.0455023,0.9915,49.050000000000004,10.0,0.5072308185545917,0.5512575185545917,16.547967139959596,509.16821969106445,168
1,6.0,10.0,58.86,1.9607857126916248,0.0626591,0.0659705,0.9916,58.86,10.0,1.2109261593254064,1.2735852593254064,38.23121918865337,1176.345205804719,168
2,7.0,10.0,68.67,2.2875833314735625,0.0839703,0.0905486,0.9917,68.67,10.0,2.4794157268507284,2.5633860268507282,76.94920488446209,2367.667842598834,168
3,8.0,10.0,78.48,2.6143809502554998,0.1074639,0.1194623,0.9918,78.48,10.0,4.552744390440527,4.660208290440527,139.89282877769972,4304.394731621529,168
4,9.0,10.0,88.29,2.9411785690374375,0.1324256,0.1529985,0.9918,88.29,10.0,7.713178431586438,7.845604031586438,235.51388114984923,7246.580958456898,168
5,10.0,10.0,98.10000000000001,3.267976187819375,0.1578076,0.1915214,0.9919,98.10000000000001,10.0,12.285205543961773,12.443013143961773,373.52156786587864,11492.97131895011,168
6,11.0,10.0,107.91000000000001,3.5947738066013124,0.1820185,0.2354965,0.9919,107.91000000000001,10.0,18.635534833421506,18.817553333421507,564.8762034708806,17380.80626064248,168
7,12.0,10.0,117.72,3.9215714253832497,0.2025092,0.285527,0.992,117.72,10.0,27.173096818002268,27.37560601800227,821.776780496681,25285.439399897878,168
8,13.0,10.0,127.53,4.248369044165187,0.2148354,0.3424139,0.992,127.53,10.0,38.34904342792241,38.56387882792241,1157.6328270444196,35619.47160136676,168
9,14.0,10.0,137.34,4.575166662947125,0.2148354,0.3424139,0.992,137.34,10.0,52.6567480055819,52.8715834055819,1587.129781244985,48834.76249984568,168
10,15.0,10.0,147.15,4.901964281729062,0.2148354,0.3424139,0.992,147.15,10.0,70.63180530556241,70.84664070556241,2126.7154513305195,65437.39850247752,168
11,16.0,10.0,156.96,5.2287619005109995,0.2148354,0.3424139,0.992,156.96,10.0,92.85203149462724,93.06686689462724,2793.7350573092826,85961.07868643945,168
12,17.0,10.0,166.77,5.555559519292937,0.2148354,0.3424139,0.992,166.77,10.0,119.93746415172141,120.15229955172141,3606.8012459689776,110978.49987596853,168
13,18.0,10.0,176.58,5.882357138074875,0.2148354,0.3424139,0.992,176.58,10.0,152.55036226797156,152.76519766797156,4585.794090876748,141101.3566423615,168
14,19.0,10.0,186.39000000000001,6.209154756856813,0.2148354,0.3424139,0.992,186.39000000000001,10.0,191.39520624668603,191.61004164668603,5751.86109237918,176980.34130397477,168
15,20.0,10.0,196.20000000000002,6.53595237563875,0.2148354,0.3424139,0.992,196.20000000000002,10.0,237.21869790335484,237.43353330335484,7127.417177602305,219305.14392622476,168
16,5.0,11.0,49.050000000000004,1.350403383396436,0.0303014,0.0309338,0.9914,49.050000000000004,11.0,0.20735953744308783,0.23766093744308783,8.632434667235465,292.17471181412344,168
17,6.0,11.0,58.86,1.6204840600757229,0.0433199,0.0447422,0.9915,58.86,11.0,0.4999999006289487,0.5433198006289487,19.734722638077383,667.9444585195422,168
18,7.0,11.0,68.67,1.89056473675501,0.0584156,0.0612325,0.9916,68.67,11.0,1.0373729413058337,1.0957885413058337,39.80175746884389,1347.136406637793,168
19,8.0,11.0,78.48,2.160645413434297,0.075402,0.0805004,0.9917,78.48,11.0,1.9263533335905916,2.0017553335905918,72.70871823918867,2460.9104634802316,168
20,9.0,11.0,88.29,2.4307260901135845,0.0940284,0.1026643,0.9918,88.29,11.0,3.292958795374326,3.386987195374326,123.02377495179873,4163.881613753188,168
21,10.0,11.0,98.10000000000001,2.700806766792872,0.1139583,0.1278684,0.9918,98.10000000000001,11.0,5.2823500883223975,5.396308388322398,196.00730396682462,6634.093365030986,168
22,11.0,11.0,107.91000000000001,2.970887443472159,0.1347349,0.1562883,0.9918,107.91000000000001,11.0,8.058831017874418,8.193565917874418,297.6106348763173,10072.975334275356,168
23,12.0,11.0,117.72,3.2409681201514458,0.1557278,0.1881382,0.9919,117.72,11.0,11.805848433244249,11.961576233244248,434.4741145160396,14705.277722081339,168
24,13.0,11.0,127.53,3.511048796830733,0.1760458,0.2236802,0.9919,127.53,11.0,16.72599222742003,16.90203802742003,613.9239396452039,20778.964111068442,168
25,14.0,11.0,137.34,3.78112947351002,0.194383,0.2632385,0.9919,137.34,11.0,23.040995337164127,23.235378337164125,843.9665669167846,28565.022264875784,168
26,15.0,11.0,147.15,4.051210150189307,0.2087267,0.30722,0.992,147.15,11.0,30.991733743013178,31.200460443013178,1133.2781030810884,38357.10502735992,168
27,16.0,11.0,156.96,4.321290826868594,0.2157213,0.3561473,0.992,156.96,11.0,40.83822646927807,41.05394776927807,1491.1812002561694,50470.74831636265,168
28,17.0,11.0,166.77,4.591371503547882,0.2157213,0.3561473,0.992,166.77,11.0,52.85963558404394,53.07535688404394,1927.8285934197006,65249.58316189755,168
29,18.0,11.0,176.58,4.861452180227169,0.2157213,0.3561473,0.992,176.58,11.0,67.3542661991702,67.5699874991702,2454.3095252756207,83068.93777855947,168
30,19.0,11.0,186.39000000000001,5.131532856906456,0.2157213,0.3561473,0.992,186.39000000000001,11.0,84.6395664702905,84.8552877702905,3082.1545001349223,104319.07538918196,168
31,20.0,11.0,196.20000000000002,5.401613533585744,0.2157213,0.3561473,0.992,196.20000000000002,11.0,105.05212759681271,105.26784889681271,3823.5893451348497,129413.79321994875,168
32,5.0,12.0,49.050000000000004,1.1347139541039497,0.0214906,0.0217803,0.9912,49.050000000000004,12.0,0.09387067088180885,0.11536127088180885,4.98669318050385,184.12405589552677,168
33,6.0,12.0,58.86,1.3616567449247396,0.0308004,0.0314567,0.9914,58.86,12.0,0.22362889814664622,0.2544292981466462,10.998152467374824,406.0856295646089,168
34,7.0,12.0,68.67,1.5885995357455296,0.0416718,0.0429741,0.9915,68.67,12.0,0.46692564554239946,0.5085974455423995,21.98501623570354,811.7544456259767,168
35,8.0,12.0,78.48,1.8155423265663195,0.0540237,0.0563777,0.9916,78.48,12.0,0.8746757091722395,0.9286994091722395,40.14466011909581,1482.2643736281527,168
36,9.0,12.0,88.29,2.0424851173871095,0.0677522,0.0717219,0.9917,88.29,12.0,1.5070561436092311,1.574808343609231,68.07385154175739,2513.4960569264267,168
37,10.0,12.0,98.10000000000001,2.2694279082078994,0.0827237,0.0890717,0.9917,98.10000000000001,12.0,2.433506261896331,2.5162299618963306,108.76845145389706,4016.0658998361987,168
38,11.0,12.0,107.91000000000001,2.4963706990286894,0.0987677,0.1085045,0.9918,107.91000000000001,12.0,3.73272763554639,3.8314953355463897,165.623103099104,6115.314575966916,168
39,12.0,12.0,117.72,2.7233134898494793,0.1156647,0.1301112,0.9918,117.72,12.0,5.492684094542146,5.608348794542146,242.43070897063427,8951.287715838804,168
40,13.0,12.0,127.53,2.9502562806702692,0.1331309,0.1539993,0.9918,127.53,12.0,7.810601727336241,7.943732627336241,343.38176944208817,12678.711487092483,168
41,14.0,12.0,137.34,3.177199071491059,0.1507936,0.1802958,0.9919,137.34,12.0,10.792968880851204,10.943762480851204,473.06331938928173,17466.953331296554,168
42,15.0,12.0,147.15,3.404141862311849,0.1681557,0.2091508,0.9919,147.15,12.0,14.55553616047945,14.72369186047945,636.45739364051,23499.9653036496,168
43,16.0,12.0,156.96,3.631084653132639,0.1845388,0.2407438,0.9919,156.96,12.0,19.223316430083297,19.407855230083296,838.938567374292,30976.19325689694,168
44,17.0,12.0,166.77,3.858027443953429,0.1989867,0.2752903,0.992,166.77,12.0,24.930584811994954,25.129571511994953,1086.2697847376917,40108.422821084,168
45,18.0,12.0,176.58,4.084970234774219,0.2100938,0.3130532,0.992,176.58,12.0,31.82087868701651,32.03097248701651,1384.5949411354748,51123.505518848295,168
46,19.0,12.0,186.39000000000001,4.311913025595009,0.2156577,0.3543585,0.992,186.39000000000001,12.0,40.04699769441997,40.26265539441997,1740.423866256062,64261.80429253152,168
47,20.0,12.0,196.20000000000002,4.538855816415799,0.2156577,0.3543585,0.992,196.20000000000002,12.0,49.77100373194722,49.98666143194722,2160.7610749558125,79781.94738298384,168
48,5.0,13.0,49.050000000000004,0.9668568603015905,0.015646,0.0157859,0.991,49.050000000000004,13.0,0.04784995025618517,0.06349595025618518,3.221238311423253,128.8495324569301,168
49,6.0,13.0,58.86,1.1602282323619084,0.0224573,0.0227775,0.9912,58.86,13.0,0.10848977760043851,0.1309470776004385,6.643128285088658,265.7251314035463,168
50,7.0,13.0,68.67,1.3535996044222265,0.0304428,0.0310818,0.9914,68.67,13.0,0.2250408659186068,0.25548366591860683,12.961043488276786,518.4417395310714,168
51,8.0,13.0,78.48,1.5469709764825446,0.0395641,0.0407216,0.9915,78.48,13.0,0.4232215077378707,0.4627856077378707,23.477760764361637,939.1104305744652,168
52,9.0,13.0,88.29,1.7403423485428626,0.0497726,0.0517242,0.9916,88.29,13.0,0.7334823888833039,0.7832549888833038,39.735620423422525,1589.424816936901,168
53,10.0,13.0,98.10000000000001,1.933713720603181,0.0610082,0.0641215,0.9916,98.10000000000001,13.0,1.1910065884778727,1.2520147884778727,63.51646029142691,2540.6584116570766,168
54,11.0,13.0,107.91000000000001,2.1270850926634988,0.0731962,0.0779512,0.9917,107.91000000000001,13.0,1.835709578942436,1.908905778942436,96.84145844289716,3873.6583377158863,168
55,12.0,13.0,117.72,2.320456464723817,0.0862447,0.0932567,0.9917,117.72,13.0,2.7122392259957446,2.7984839259957446,141.97100129927628,5678.84005197105,168
56,13.0,13.0,127.53,2.513827836784135,0.1000403,0.1100881,0.9918,127.53,13.0,3.869975788654446,3.9700160886544458,201.40446548391756,8056.178619356703,168
57,14.0,13.0,137.34,2.707199208844453,0.1144424,0.1285031,0.9918,137.34,13.0,5.363031919233075,5.477474319233075,277.8799286531167,11115.197146124667,168
58,15.0,13.0,147.15,2.900570580904771,0.1292756,0.1485682,0.9918,147.15,13.0,7.250252663344064,7.3795282633440635,374.3737839374887,14974.951357499549,168
59,16.0,13.0,156.96,3.093941952965089,0.1443191,0.1703599,0.9919,156.96,13.0,9.595215459897735,9.739534559897736,494.10020218915145,19764.008087566057,168
60,17.0,13.0,166.77,3.287313325025407,0.1592922,0.1939666,0.9919,166.77,13.0,12.466230141102306,12.625522341102306,640.5103963764567,25620.41585505827,168
61,18.0,13.0,176.58,3.4806846970857253,0.1738315,0.2194906,0.9919,176.58,13.0,15.936338932463881,16.11017043246388,817.2914649081212,32691.658596324844,168
62,19.0,13.0,186.39000000000001,3.6740560691460438,0.1874581,0.2470512,0.9919,186.39000000000001,13.0,20.08331645278647,20.27077455278647,1028.3647276433778,41134.58910573511,168
63,20.0,13.0,196.20000000000002,3.867427441206362,0.1995249,0.2767886,0.992,196.20000000000002,13.0,24.989669714171956,25.189194614171956,1277.8830523473116,51115.322093892464,168
64,5.0,14.0,49.050000000000004,0.8336673948518815,0.0116534,0.0117239,0.9909,49.050000000000004,14.0,0.02711583212508413,0.03876923212508413,2.281042592619616,98.26029629746036,168
65,6.0,14.0,58.86,1.0004008738222576,0.0167419,0.0169055,0.9911,58.86,14.0,0.05503810550692064,0.07178000550692064,4.2232781224939275,181.925826815123,168
66,7.0,14.0,68.67,1.167134352792634,0.0227224,0.0230514,0.9912,68.67,14.0,0.11097640854180531,0.1336988085418053,7.86635845359012,338.85851800080513,168
67,8.0,14.0,78.48,1.3338678317630102,0.0295752,0.0301737,0.9914,78.48,14.0,0.2083725281369124,0.2379477281369124,13.999991048215593,603.0765374615947,168
68,9.0,14.0,88.29,1.5006013107333867,0.0372757,0.0382869,0.9915,88.29,14.0,0.3631964188417829,0.4004721188417829,23.562343388371897,1014.9932536529433,168
69,10.0,14.0,98.10000000000001,1.667334789703763,0.0457942,0.0474081,0.9915,98.10000000000001,14.0,0.5939462028483242,0.6397404028483242,37.640031208471925,1621.4167289803293,168
70,11.0,14.0,107.91000000000001,1.8340682686741392,0.0550944,0.0575567,0.9916,107.91000000000001,14.0,0.9216481699908107,0.9767425699908107,57.4680302407189,2475.545918061737,168
71,12.0,14.0,117.72,2.0008017476445152,0.0651331,0.0687553,0.9917,117.72,14.0,1.3698567777458819,1.4349898777458818,84.42965856418208,3636.9699073801507,168
72,13.0,14.0,127.53,2.1675352266148917,0.075858,0.0810293,0.9917,127.53,14.0,1.9646546512325467,2.0405126512325467,120.05644716468612,5171.662339401863,168
73,14.0,14.0,137.34,2.334268705585268,0.0872068,0.0944077,0.9917,137.34,14.0,2.7346525832121786,2.8218593832121788,166.02808698203822,7151.9791315339535,168
74,15.0,14.0,147.15,2.5010021845556443,0.0991048,0.1089234,0.9918,147.15,14.0,3.710989534088517,3.810094334088517,224.17228770263452,9656.652393344255,168
75,16.0,14.0,156.96,2.6677356635260203,0.1114619,0.1246132,0.9918,156.96,14.0,4.927332631907671,5.038794531907671,296.46460125021827,12770.782823086327,168
76,17.0,14.0,166.77,2.834469142496397,0.1241692,0.1415191,0.9918,166.77,14.0,6.419877172358112,6.544046372358112,385.02822174207165,16585.831090427702,168
77,18.0,14.0,176.58,3.0012026214667733,0.1370942,0.159688,0.9919,176.58,14.0,8.227346618770682,8.364440818770682,492.1337030742291,21199.605670889865,168
78,19.0,14.0,186.39000000000001,3.1679361004371493,0.1500746,0.1791735,0.9919,186.39000000000001,14.0,10.390992602118585,10.541067202118585,620.1985941357099,26716.24713199981,168
79,20.0,14.0,196.20000000000002,3.334669579407526,0.162909,0.2000358,0.9919,196.20000000000002,14.0,12.954594921017401,13.117503921017402,771.7868916298683,33246.2045625174,168
80,5.0,15.0,49.050000000000004,0.7262169306265278,0.0088541,0.0088908,0.9907,49.050000000000004,15.0,0.018065423877028426,0.026919523877028426,1.8181931465424468,83.91660676349753,168
81,6.0,15.0,58.86,0.8714603167518333,0.0127278,0.0128144,0.9909,58.86,15.0,0.030177459414671263,0.042905259414671264,2.897898528025244,133.74916283193434,168
82,7.0,15.0,68.67,1.0167037028771388,0.0172876,0.0174637,0.9911,68.67,15.0,0.05621120315775352,0.07349880315775352,4.964241596209517,229.11884290197767,168
83,8.0,15.0,78.48,1.1619470890024446,0.0225231,0.0228455,0.9912,78.48,15.0,0.10332664354992444,0.12584974354992443,8.500118436784767,392.3131586208354,168
84,9.0,15.0,88.29,1.30719047512775,0.0284211,0.0289679,0.9914,88.29,15.0,0.18008638166239394,0.20850748166239394,14.082971002503413,649.983277038619,168
85,10.0,15.0,98.10000000000001,1.4524338612530556,0.0349657,0.0358404,0.9914,98.10000000000001,15.0,0.2964556311939324,0.3314213311939324,22.38479386736094,1033.1443323397357,168
86,11.0,15.0,107.91000000000001,1.5976772473783611,0.042138,0.0434737,0.9915,107.91000000000001,15.0,0.46380221847087105,0.505940218470871,34.172113964055406,1577.174490648711,168
87,12.0,15.0,117.72,1.7429206335036667,0.0499158,0.0518802,0.9916,117.72,15.0,0.694896582447101,0.7448123824471009,50.30597032144681,2321.814014836006,168
88,13.0,15.0,127.53,1.8881640196289722,0.0582728,0.0610738,0.9916,127.53,15.0,1.0039117747040753,1.0621845747040752,71.7418600311158,3311.1627706668837,168
89,14.0,15.0,137.34,2.0334074057542777,0.0671782,0.0710701,0.9917,137.34,15.0,1.4064234594508067,1.4736016594508068,99.52971123064282,4593.678979875823,168
90,15.0,15.0,147.15,2.1786507918795834,0.0765959,0.0818865,0.9917,147.15,15.0,1.9194099135238682,1.9960058135238683,134.81382907016658,6222.176726315381,168
91,16.0,15.0,156.96,2.323894178004889,0.0864838,0.0935424,0.9917,156.96,15.0,2.5612520263873946,2.6477358263873945,178.83284843312308,8253.82377383645,168
92,17.0,15.0,166.77,2.4691375641301945,0.0967925,0.1060597,0.9918,166.77,15.0,3.3517333001330796,3.4485258001330794,232.91964613190294,10750.137513780135,168
93,18.0,15.0,176.58,2.6143809502555,0.1074639,0.1194623,0.9918,176.58,15.0,4.312039849480179,4.419503749480179,298.50124634932905,13776.980600738263,168
94,19.0,15.0,186.39000000000001,2.7596243363808055,0.1184295,0.1337769,0.9918,186.39000000000001,15.0,5.464760401775509,5.583189901775509,377.09870581759355,17404.555653119703,168
95,20.0,15.0,196.20000000000002,2.9048677225061112,0.1296085,0.1490334,0.9918,196.20000000000002,15.0,6.833886296993445,6.963494796993444,470.32698548883394,21707.39933025387,168
96,5.0,16.0,49.050000000000004,0.6382765991834717,0.0068458,0.0068654,0.9904,49.050000000000004,16.0,0.014521333941555508,0.021367133941555507,1.6420121326303472,80.83752037564787,168
97,6.0,16.0,58.86,0.765931919020166,0.0098446,0.0098919,0.9907,58.86,16.0,0.01947218729632127,0.02931678729632127,2.252923605101823,110.91316209732051,168
98,7.0,16.0,68.67,0.8935872388568603,0.0133784,0.0134757,0.9909,68.67,16.0,0.03136633517696653,0.044744735176966526,3.438523773608276,169.28117039302282,168
99,8.0,16.0,78.48,1.0212425586935547,0.0174411,0.0176208,0.9911,78.48,16.0,0.05410991904675739,0.0715510190467574,5.498521313068894,270.69643387416085,168
100,9.0,16.0,88.29,1.148897878530249,0.0220254,0.0223318,0.9912,88.29,16.0,0.09241409776591918,0.11443949776591918,8.794396304986286,432.95489501470945,168
101,10.0,16.0,98.10000000000001,1.2765531983669434,0.0271226,0.0276144,0.9913,98.10000000000001,16.0,0.15179504759163637,0.17891764759163636,13.749384867934257,676.8927934983019,168
102,11.0,16.0,107.91000000000001,1.4042085182036377,0.032722,0.0334747,0.9914,107.91000000000001,16.0,0.2385739621780527,0.27129596217805274,20.848433049021104,1026.3843962595004,168
103,12.0,16.0,117.72,1.531863838040332,0.0388116,0.0399198,0.9915,117.72,16.0,0.35987705257627084,0.39868865257627084,30.6382506171824,1508.3446457689797,168
104,13.0,16.0,127.53,1.6595191578770263,0.0453771,0.0469578,0.9915,127.53,16.0,0.5236355472343532,0.5690126472343532,43.72723421561992,2152.725376768981,168
105,14.0,16.0,137.34,1.7871744777137206,0.0524021,0.0545973,0.9916,137.34,16.0,0.7385856919973212,0.7909877919973212,60.78548273131378,2992.5160729262166,168
106,15.0,16.0,147.15,1.914829797550415,0.0598677,0.0628484,0.9916,147.15,16.0,1.014268750107155,1.074136450107155,82.54476655599798,4063.742353526054,168
107,16.0,16.0,156.96,2.0424851173871095,0.0677522,0.0717219,0.9917,156.96,16.0,1.3610310022027945,1.4287832022027944,109.79850453189206,5405.464838493148,168
108,17.0,16.0,166.77,2.170140437223804,0.0760307,0.0812297,0.9917,166.77,16.0,1.7900237463201385,1.8660544463201385,143.40173321267673,7059.777635085624,168
109,18.0,16.0,176.58,2.297795757060498,0.0846746,0.0913852,0.9917,176.58,16.0,2.313203297892045,2.397877897892045,184.27106843971305,9071.806446262795,168
110,19.0,16.0,186.39000000000001,2.4254510768971924,0.0936509,0.1022028,0.9918,186.39000000000001,16.0,2.9433309897483313,3.0369818897483314,233.38465154874993,11489.705922399997,168
111,20.0,16.0,196.20000000000002,2.5531063967338867,0.1029218,0.1136984,0.9918,196.20000000000002,16.0,3.6939731721157743,3.796894972115774,291.78211863089933,14364.658147982736,168
112,5.0,17.0,49.050000000000004,0.5653938041209992,0.0053755,0.0053861,0.9902,49.050000000000004,17.0,0.013192723735915297,0.018568223735915296,1.6108619648964748,84.26047200996945,168
113,6.0,17.0,58.86,0.6784725649451989,0.0077321,0.0077585,0.9905,58.86,17.0,0.014961199914211805,0.022693299914211804,1.968727553572332,102.97959510993736,168
114,7.0,17.0,68.67,0.7915513257693988,0.0105111,0.0105663,0.9908,68.67,17.0,0.020157703489381326,0.03066880348938133,2.6606319351038024,139.17151660542964,168
115,8.0,17.0,78.48,0.9046300865935987,0.013709,0.013812,0.991,78.48,17.0,0.030950869194172587,0.044659869194172586,3.8744085414585925,202.66136986091098,168
116,9.0,17.0,88.29,1.0177088474177984,0.0173216,0.0174984,0.9911,88.29,17.0,0.04998519906197038,0.06730679906197037,5.839113322301493,305.4305430126935,168
117,10.0,17.0,98.10000000000001,1.1307876082419983,0.0213436,0.0216288,0.9912,98.10000000000001,17.0,0.08038106242679559,0.10172466242679559,8.824990043517541,461.6148638147637,168
118,11.0,17.0,107.91000000000001,1.2438663690661982,0.0257691,0.026207,0.9913,107.91000000000001,17.0,0.12573469592330508,0.15150379592330507,13.143513664058052,687.506868581498,168
119,12.0,17.0,117.72,1.3569451298903978,0.030591,0.0312372,0.9914,117.72,17.0,0.19011820348679173,0.22070920348679174,19.14733828372538,1001.5530794564045,168
120,13.0,17.0,127.53,1.4700238907145977,0.0358013,0.0367241,0.9914,127.53,17.0,0.2780795563531849,0.31388085635318486,27.23032316928056,1424.355365777752,168
121,14.0,17.0,137.34,1.5831026515387976,0.0413906,0.0426731,0.9915,137.34,17.0,0.3946425930590495,0.4360331930590495,37.82748937759722,1978.6686751358543,168
122,15.0,17.0,147.15,1.6961814123629975,0.0473484,0.0490898,0.9915,147.15,17.0,0.5453070194415865,0.5926554194415865,51.4150457817692,2689.4023947386963,168
123,16.0,17.0,156.96,1.8092601731871973,0.0536627,0.0559808,0.9916,156.96,17.0,0.7360484086386336,0.7897111086386336,68.51035436963382,3583.618536257769,168
124,17.0,17.0,166.77,1.9223389340113972,0.0603201,0.063353,0.9916,166.77,17.0,0.9733182010886638,1.0336383010886638,89.67193891914093,4690.532189616602,168
125,18.0,17.0,176.58,2.035417694835597,0.0673051,0.0712141,0.9917,176.58,17.0,1.2640437045307864,1.3313488045307864,115.49942427076853,6041.508346470969,168
126,19.0,17.0,186.39000000000001,2.1484964556597967,0.0746005,0.0795724,0.9917,186.39000000000001,17.0,1.615628094004747,1.690228594004747,146.63357102899965,7670.063715363057,168
127,20.0,17.0,196.20000000000002,2.2615752164839966,0.0821867,0.0884371,0.9917,196.20000000000002,17.0,2.0359504118509273,2.118137111850927,183.7562148347378,9611.86354520167,168
128,5.0,18.0,49.050000000000004,0.5043173129350889,0.0042793,0.0042852,0.9899,49.050000000000004,18.0,0.012692909527107882,0.01697220952710788,1.6507204015258383,91.42451454604641,168
129,6.0,18.0,58.86,0.6051807755221065,0.0061563,0.0061713,0.9903,58.86,18.0,0.013116841697501302,0.0192731416975013,1.8745095121969677,103.81898836783206,168
130,7.0,18.0,68.67,0.7060442381091243,0.0083708,0.0084029,0.9906,68.67,18.0,0.01517985142277663,0.023550651422776632,2.2905409405127357,126.86072901301304,168
131,8.0,18.0,78.48,0.806907700696142,0.0109209,0.0109813,0.9908,78.48,18.0,0.020098223235043733,0.031019123235043734,3.0169259623944886,167.09128407107937,168
132,9.0,18.0,88.29,0.9077711632831599,0.0138038,0.0139084,0.991,88.29,18.0,0.02937692358994164,0.04318072358994164,4.199765579650544,232.60240133449165,168
133,10.0,18.0,98.10000000000001,1.0086346258701777,0.0170165,0.0171863,0.9911,98.10000000000001,18.0,0.04480960086663854,0.061826100866638534,6.013218602112408,333.0397995016103,168
134,11.0,18.0,107.91000000000001,1.1094980884571954,0.0205554,0.0208171,0.9912,107.91000000000001,18.0,0.06847858536783176,0.08903398536783176,8.65946274355694,479.60101348930743,168
135,12.0,18.0,117.72,1.210361551044213,0.0244162,0.0248036,0.9913,117.72,18.0,0.10275488931974776,0.12717108931974774,12.368684895686881,685.0348557611195,168
136,13.0,18.0,127.53,1.311225013631231,0.0285942,0.0291487,0.9914,127.53,18.0,0.1502982068721423,0.1788924068721423,17.399110306189264,963.6430323427899,168
137,14.0,18.0,137.34,1.4120884762182486,0.0330839,0.0338555,0.9914,137.34,18.0,0.21405691409830016,0.24714081409830016,24.03696367465753,1331.2779881348786,168
138,15.0,18.0,147.15,1.5129519388052663,0.037879,0.0389278,0.9915,147.15,18.0,0.2972680689950353,0.33514706899503527,32.59646915259155,1805.3429069127628,168
139,16.0,18.0,156.96,1.613815401392284,0.0429728,0.0443693,0.9915,156.96,18.0,0.4034574114826908,0.4464302114826908,43.419889247475474,2404.7938660140258,168
140,17.0,18.0,166.77,1.7146788639793018,0.0483572,0.0501844,0.9916,166.77,18.0,0.5364393634051392,0.5847965634051392,56.87742756258313,3150.134449619988,168
141,18.0,18.0,176.58,1.8155423265663198,0.0540237,0.0563777,0.9916,176.58,18.0,0.7003170285297817,0.7543407285297817,73.36732605717258,4063.4211354741733,168
142,19.0,18.0,186.39000000000001,1.9164057891533375,0.0599625,0.0629541,0.9916,186.39000000000001,18.0,0.899482192547549,0.959444692547549,93.31577751231103,5168.258446835686,168
143,20.0,18.0,196.20000000000002,2.0172692517403554,0.0661627,0.0699192,0.9917,196.20000000000002,18.0,1.1386153230729008,1.2047780230729008,117.17694498291374,6489.800029822914,168
144,5.0,19.0,49.050000000000004,0.4526282808614093,0.0034489,0.003452,0.9896,49.050000000000004,19.0,0.012441881601451252,0.015890781601451253,1.722037421231844,100.67295693355395,168
145,6.0,19.0,58.86,0.5431539370336912,0.004962,0.0049706,0.9901,58.86,19.0,0.012364888964948672,0.01732688896494867,1.877664166528205,109.77113588934121,168
146,7.0,19.0,68.67,0.633679593205973,0.0067479,0.0067668,0.9904,68.67,19.0,0.013018804355650275,0.019766704355650276,2.1420598085463327,125.22811188424714,168
147,8.0,19.0,78.48,0.7242052493782549,0.0088053,0.0088415,0.9906,78.48,19.0,0.01508708683555279,0.023892386835552788,2.5891479252103915,151.36557101229977,168
148,9.0,19.0,88.29,0.8147309055505367,0.0111326,0.0111959,0.9908,88.29,19.0,0.019432343922091776,0.030564943922091775,3.312233377298946,193.63825898055373,168
149,10.0,19.0,98.10000000000001,0.9052565617228187,0.0137279,0.0138312,0.991,98.10000000000001,19.0,0.027096331588141617,0.040824231588141614,4.424002308444955,258.63398110908963,168
150,11.0,19.0,107.91000000000001,0.9957822178951006,0.0165889,0.016749,0.9911,107.91000000000001,19.0,0.03929995426201553,0.055888854262015536,6.0565113084289095,354.0729688004593,168
151,12.0,19.0,117.72,1.0863078740673824,0.0197131,0.0199509,0.9912,117.72,19.0,0.05744326482746553,0.07715636482746553,8.36120908659256,488.80914660079577,168
152,13.0,19.0,127.53,1.1768335302396642,0.0230974,0.0234388,0.9913,127.53,19.0,0.08310546462368253,0.10620286462368253,11.508893125011458,672.8275980775929,168
153,14.0,19.0,137.34,1.267359186411946,0.0267385,0.0272147,0.9913,137.34,19.0,0.11804490344529621,0.14478340344529622,15.689753025322414,917.2470999419255,168
154,15.0,19.0,147.15,1.3578848425842278,0.0306328,0.0312809,0.9914,147.15,19.0,0.1641990795423751,0.19483187954237507,21.113359672016635,1234.3194885178955,168
155,16.0,19.0,156.96,1.4484104987565098,0.0347758,0.0356398,0.9914,156.96,19.0,0.2236846396204265,0.25846043962042653,28.008600212198523,1637.4258585592984,168
156,17.0,19.0,166.77,1.5389361549287917,0.039163,0.0402942,0.9915,166.77,19.0,0.29879737884039664,0.33796037884039665,36.62377558594747,2141.082265024621,168
157,18.0,19.0,176.58,1.6294618111010735,0.0437892,0.0452468,0.9915,176.58,19.0,0.39201224081867053,0.43580144081867056,47.22652466936981,2760.9352883631577,168
158,19.0,19.0,186.39000000000001,1.7199874672733555,0.0486485,0.0505009,0.9916,186.39000000000001,19.0,0.505983317627072,0.554631817627072,60.10382427459877,3513.7620345150053,168
159,20.0,19.0,196.20000000000002,1.8105131234456373,0.0537347,0.0560599,0.9916,196.20000000000002,19.0,0.6435438497928638,0.6972785497928639,75.56203249662202,4417.472669033287,168
160,5.0,20.0,49.050000000000004,0.4084970234774219,0.0028104,0.0028121,0.9893,49.050000000000004,20.0,0.012213802891606017,0.015024202891606017,1.8040208605681716,111.01666834265671,168
161,6.0,20.0,58.86,0.4901964281729062,0.0040436,0.0040486,0.9899,58.86,20.0,0.012010363043811909,0.01605396304381191,1.9276686047689093,118.62576029347134,168
162,7.0,20.0,68.67,0.5718958328683906,0.0054995,0.0055108,0.9902,68.67,20.0,0.012084579112716234,0.017584079112716235,2.1113962425882957,129.93207646697203,168
163,8.0,20.0,78.48,0.6535952375638749,0.0071773,0.0071993,0.9905,78.48,20.0,0.012816932157916253,0.019994232157916254,2.400793716921655,147.74115181056337,168
164,9.0,20.0,88.29,0.7352946422593594,0.0090759,0.0091149,0.9907,88.29,20.0,0.014701326955211305,0.023777226955211304,2.8550342233217667,175.69441374287797,168
165,10.0,20.0,98.10000000000001,0.8169940469548438,0.0111942,0.0112583,0.9908,98.10000000000001,20.0,0.018345091996602825,0.029539291996602823,3.5469102322931643,218.27139891034855,168
166,11.0,20.0,107.91000000000001,0.8986934516503281,0.0135308,0.0136307,0.991,107.91000000000001,20.0,0.024468979490294328,0.03799977949029433,4.562797466997838,280.78753643063624,168
167,12.0,20.0,117.72,0.9803928563458124,0.0160839,0.016233,0.9911,117.72,20.0,0.03390716536069139,0.049991065360691395,6.002642895823796,369.39340897377207,168
168,13.0,20.0,127.53,1.0620922610412968,0.0188517,0.0190665,0.9912,127.53,20.0,0.047607249248401734,0.06645894924840173,7.980012762110809,491.0777084375882,168
169,14.0,20.0,137.34,1.1437916657367813,0.0218322,0.0221325,0.9912,137.34,20.0,0.06663025451023512,0.08846245451023511,10.62206856928753,653.6657581100017,168
170,15.0,20.0,147.15,1.2254910704322655,0.0250228,0.0254324,0.9913,147.15,20.0,0.09215062821920338,0.11717342821920337,14.069519051145765,865.8165569935853,168
171,16.0,20.0,156.96,1.3071904751277499,0.0284211,0.0289679,0.9914,156.96,20.0,0.12545624116452048,0.15387734116452048,18.476716231291952,1137.0286911564278,168
172,17.0,20.0,166.77,1.3888898798232343,0.032024,0.0327407,0.9914,166.77,20.0,0.16794838785160246,0.19997238785160246,24.01154735626424,1477.6336834624149,168
173,18.0,20.0,176.58,1.4705892845187187,0.0358283,0.0367527,0.9914,176.58,20.0,0.2211417865020673,0.2569700865020673,30.8555069401211,1898.800427084375,168
174,19.0,20.0,186.39000000000001,1.5522886892142032,0.0398305,0.0410059,0.9915,186.39000000000001,20.0,0.2866645790537354,0.32649507905373537,39.20367274957847,2412.533707666367,168
175,20.0,20.0,196.20000000000002,1.6339880939096876,0.0440267,0.0455023,0.9915,196.20000000000002,20.0,0.36625833116062895,0.410285031160629,49.26469379657832,3031.6734644048192,168
176,5.0,21.0,49.050000000000004,0.37051884215639175,0.0023132,0.002314,0.989,49.050000000000004,21.0,0.011932370366615852,0.014245570366615851,1.8858561211512563,121.85531859746578,168
177,6.0,21.0,58.86,0.44462261058767005,0.0033282,0.003331,0.9896,58.86,21.0,0.011756495891338502,0.015084695891338502,1.9969411789261946,129.03312233061564,168
178,7.0,21.0,68.67,0.5187263790189485,0.0045267,0.0045335,0.99,68.67,21.0,0.01164141922002069,0.01616811922002069,2.1403668518625003,138.3006273511154,168
179,8.0,21.0,78.48,0.5928301474502268,0.0059083,0.0059218,0.9903,78.48,21.0,0.011793311176545276,0.017701611176545277,2.343373479082237,151.41797864839072,168
180,9.0,21.0,88.29,0.6669339158815052,0.0074722,0.0074965,0.9905,88.29,21.0,0.0124914362931758,0.0199636362931758,2.6428247332343684,170.76713660898994,168
181,10.0,21.0,98.10000000000001,0.7410376843127835,0.0092177,0.0092581,0.9907,98.10000000000001,21.0,0.014088152810556486,0.023305852810556485,3.0852738114605365,199.3561539712962,168
182,11.0,21.0,107.91000000000001,0.8151414527440619,0.0111438,0.0112072,0.9908,107.91000000000001,21.0,0.01700891267771224,0.028152712677712244,3.72691048262244,240.81575426175766,168
183,12.0,21.0,117.72,0.8892452211753401,0.0132494,0.0133446,0.9909,117.72,21.0,0.021752261552048645,0.035001661552048646,4.633587563688141,299.4010425767721,168
184,13.0,21.0,127.53,0.9633489896066185,0.0155335,0.0156711,0.991,127.53,21.0,0.02888983879935197,0.04442333879935197,5.880847396118383,379.99321636457245,168
185,14.0,21.0,137.34,1.037452758037897,0.0179945,0.0181875,0.9911,137.34,21.0,0.03906637749378918,0.057060877493789186,7.553829178514499,488.0935776886291,168
186,15.0,21.0,147.15,1.1115565264691751,0.020631,0.0208949,0.9912,147.15,21.0,0.05299970441790789,0.0736307044179079,9.74737487216365,629.8303763551897,168
187,16.0,21.0,156.96,1.1856602949004535,0.0234412,0.0237943,0.9913,156.96,21.0,0.07148074006263642,0.09492194006263642,12.565949771879904,811.9536775676245,168
188,17.0,21.0,166.77,1.259764063331732,0.0264233,0.0268868,0.9913,166.77,21.0,0.09537349862728377,0.12179679862728376,16.123695458776847,1041.8387834901962,168
189,18.0,21.0,176.58,1.3338678317630104,0.0295752,0.0301737,0.9914,176.58,21.0,0.1256150880195396,0.1551902880195396,20.544390085688125,1327.4836670752327,168
190,19.0,21.0,186.39000000000001,1.4079716001942886,0.0328946,0.0336563,0.9914,186.39000000000001,21.0,0.1632157098554743,0.19611030985547429,25.96146161536059,1677.509827454069,168
191,20.0,21.0,196.20000000000002,1.482075368625567,0.0363791,0.037336,0.9915,196.20000000000002,21.0,0.20925865945953886,0.24563775945953886,32.51800105864747,2101.16314532799,168
192,5.0,22.0,49.050000000000004,0.337600845849109,0.0019213,0.0019216,0.9887,49.050000000000004,22.0,0.011659310195818444,0.013580610195818445,1.973125773513677,133.56543697631042,168
193,6.0,22.0,58.86,0.4051210150189307,0.0027643,0.0027658,0.9893,58.86,22.0,0.011541135959845204,0.014305435959845205,2.078435651029218,140.69410560813168,168
194,7.0,22.0,68.67,0.4726411841887525,0.0037598,0.0037639,0.9898,68.67,22.0,0.011393248446238157,0.015153048446238158,2.2015852016561035,149.03038288133624,168
195,8.0,22.0,78.48,0.5401613533585743,0.0049076,0.004916,0.9901,78.48,22.0,0.011328935384933743,0.01623653538493374,2.3590049326681863,159.68648774984644,168
196,9.0,22.0,88.29,0.6076815225283961,0.0062071,0.0062225,0.9903,88.29,22.0,0.011510792732965012,0.017717892732965014,2.574231223758137,174.25565206978158,168
197,10.0,22.0,98.10000000000001,0.675201691698218,0.007658,0.0076838,0.9905,98.10000000000001,22.0,0.012150724674461641,0.01980872467446164,2.8780080299816815,194.81900510645227,168
198,11.0,22.0,107.91000000000001,0.7427218608680397,0.0092594,0.0093003,0.9907,107.91000000000001,22.0,0.013509943620649924,0.022769343620649925,3.3081561208293,223.93672202536797,168
199,12.0,22.0,117.72,0.8102420300378614,0.0110109,0.0110725,0.9908,117.72,22.0,0.015898970209852776,0.026909870209852776,3.909732899138595,264.65884240322794,168
200,13.0,22.0,127.53,0.8777621992076833,0.0129114,0.013001,0.9909,127.53,22.0,0.019677633307489742,0.032589033307489745,4.73485805318989,320.5134682159309,168
201,14.0,22.0,137.34,0.945282368377505,0.0149603,0.0150864,0.991,137.34,22.0,0.025255070006076977,0.04021537000607697,5.8428879046106275,395.5185658505656,168
202,15.0,22.0,147.15,1.0128025375473269,0.0171563,0.0173293,0.9911,147.15,22.0,0.03308972562522725,0.05024602562522725,7.300241060470974,494.17016409341977,168
203,16.0,22.0,156.96,1.0803227067171486,0.0194984,0.0197304,0.9912,156.96,22.0,0.04368935371164999,0.06318775371164999,9.18054370320415,621.4521891399731,168
204,17.0,22.0,166.77,1.1478428758869705,0.0219854,0.0222906,0.9912,166.77,22.0,0.057611016039151176,0.07959641603915117,11.56455694564626,782.8315470899005,168
205,18.0,22.0,176.58,1.2153630450567923,0.024616,0.0250106,0.9913,176.58,22.0,0.07546108260863348,0.10007708260863347,14.540191360028336,984.259107448072,168
206,19.0,22.0,186.39000000000001,1.282883214226614,0.0273885,0.0278913,0.9913,186.39000000000001,22.0,0.09789523164809615,0.12528373164809614,18.202463391000226,1232.1667526215538,168
207,20.0,22.0,196.20000000000002,1.350403383396436,0.0303014,0.0309338,0.9914,196.20000000000002,22.0,0.12561844961263505,0.15591984961263505,22.653582529582796,1533.4732789256045,168
208,5.0,23.0,49.050000000000004,0.30888243741203925,0.0016091,0.0016091,0.9883,49.050000000000004,23.0,0.01145095023419392,0.01306005023419392,2.073913523068578,146.7692647094686,168
209,6.0,23.0,58.86,0.370658924894447,0.002315,0.0023157,0.989,58.86,23.0,0.011377067227551578,0.013692067227551577,2.174276734988068,153.8718920145402,168
210,7.0,23.0,68.67,0.4324354123768549,0.0031487,0.003151,0.9895,68.67,23.0,0.011238401589522336,0.014387101589522337,2.2846469966976675,161.6827105355272,168
211,8.0,23.0,78.48,0.4942118998592627,0.00411,0.0041152,0.9899,78.48,23.0,0.011099686860281115,0.015209686860281114,2.4152721234247507,170.92695027313616,168
212,9.0,23.0,88.29,0.5559883873416706,0.0051986,0.0052084,0.9902,88.29,23.0,0.011060712280091254,0.016259312280091254,2.5819508354714613,182.72267451028802,168
213,10.0,23.0,98.10000000000001,0.6177648748240785,0.0064142,0.0064309,0.9904,98.10000000000001,23.0,0.011256322789304498,0.017670522789304498,2.806048638042776,198.58190361533494,168
214,11.0,23.0,107.91000000000001,0.6795413623064863,0.0077564,0.007783,0.9905,107.91000000000001,23.0,0.011856419028361008,0.019612819028361008,3.1144819414184393,220.4094912388434,168
215,12.0,23.0,117.72,0.741317849788894,0.0092246,0.0092651,0.9907,117.72,23.0,0.013065957337789352,0.02229055733778935,3.5397021811248908,250.5020005103769,168
216,13.0,23.0,127.53,0.8030943372713019,0.0108184,0.0108775,0.9908,127.53,23.0,0.015124949758206512,0.025943349758206512,4.1197593372475465,291.55219925136475,168
217,14.0,23.0,137.34,0.8648708247537098,0.0125371,0.0126207,0.9909,137.34,23.0,0.018308464030317884,0.030845564030317886,4.89822253529045,346.64344095901646,168
218,15.0,23.0,147.15,0.9266473122361176,0.01438,0.0144951,0.991,147.15,23.0,0.022926623594917272,0.03730662359491727,5.924227685660477,419.25303621597214,168
219,16.0,23.0,156.96,0.9884237997185255,0.0163465,0.0165013,0.9911,156.96,23.0,0.029324607592886888,0.04567110759288689,7.2524933634954145,513.2533764935216,168
220,17.0,23.0,166.77,1.0502002872009333,0.0184356,0.0186396,0.9911,166.77,23.0,0.03788265086519737,0.05631825086519737,8.943241409523601,632.9063151355164,168
221,18.0,23.0,176.58,1.111976774683341,0.0206464,0.0209108,0.9912,176.58,23.0,0.04901604395290774,0.06966244395290774,11.062276329204284,782.8687863744569,168
222,19.0,23.0,186.39000000000001,1.173753262165749,0.022978,0.0233154,0.9913,186.39000000000001,23.0,0.06317513309716546,0.08615313309716546,13.680969412899543,968.1916815282752,168
223,20.0,23.0,196.20000000000002,1.235529749648157,0.0254292,0.0258541,0.9913,196.20000000000002,23.0,0.0808453202392064,0.1062745202392064,16.876211096390094,1194.3164775906835,168
224,5.0,24.0,49.050000000000004,0.2836784885259874,0.0013578,0.0013577,0.9879,49.050000000000004,24.0,0.01123672935877655,0.012594529358776549,2.177682446976932,160.81347300752725,168
225,6.0,24.0,58.86,0.3404141862311849,0.0019534,0.0019537,0.9887,58.86,24.0,0.011205942281007106,0.013159342281007107,2.2753425620577796,168.02529689042063,168
226,7.0,24.0,68.67,0.3971498839363824,0.0026568,0.0026582,0.9893,68.67,24.0,0.011098507285422853,0.013755307285422853,2.3783890906066456,175.63488669095227,168
227,8.0,24.0,78.48,0.4538855816415799,0.003468,0.0034712,0.9897,78.48,24.0,0.010949487135271658,0.014417487135271658,2.492884630271467,184.0899419277391,168
228,9.0,24.0,88.29,0.5106212793467774,0.0043867,0.004393,0.99,88.29,24.0,0.01081933695688917,0.01520603695688917,2.629230424241656,194.15855440553764,168
229,10.0,24.0,98.10000000000001,0.5673569770519749,0.0054128,0.0054236,0.9902,98.10000000000001,24.0,0.010793904239698811,0.016206704239698812,2.8022528147544166,206.9355924741723,168
230,11.0,24.0,107.91000000000001,0.6240926747571723,0.0065459,0.0065634,0.9904,107.91000000000001,24.0,0.010984428836211783,0.017530328836211785,3.0311167895884257,223.8363167696068,168
231,12.0,24.0,117.72,0.6808283724623698,0.0077857,0.0078126,0.9905,117.72,24.0,0.011527542962027066,0.019313242962027067,3.3393951448688903,246.6014876210873,168
232,13.0,24.0,127.53,0.7375640701675673,0.0091318,0.0091713,0.9907,127.53,24.0,0.01258527119583142,0.02171707119583142,3.75503390366502,277.2948113475707,168
233,14.0,24.0,137.34,0.7942997678727648,0.0105838,0.01064,0.9908,137.34,24.0,0.01434503047939938,0.02492883047939938,4.310369606691289,318.30421710951055,168
234,15.0,24.0,147.15,0.8510354655779623,0.0121413,0.0122189,0.9909,147.15,24.0,0.017019630117593255,0.029160930117593256,5.042129312307434,372.34185690885664,168
235,16.0,24.0,156.96,0.9077711632831598,0.0138038,0.0139084,0.991,156.96,24.0,0.02084727177836314,0.034651071778363136,5.991413305817196,442.44282873726985,168
236,17.0,24.0,166.77,0.9645068609883573,0.0155706,0.0157089,0.991,166.77,24.0,0.026091549492746897,0.041662149492746894,7.203677808767055,531.9638997243363,168
237,18.0,24.0,176.58,1.0212425586935547,0.0174411,0.0176208,0.9911,176.58,24.0,0.03304144965487018,0.05048254965487018,8.728786851050018,644.5873366929244,168
238,19.0,24.0,186.39000000000001,1.0779782563987523,0.0194147,0.0196444,0.9912,186.39000000000001,24.0,0.04201135102194641,0.06142605102194641,10.620994980204356,784.3196293073985,168
239,20.0,24.0,196.20000000000002,1.1347139541039497,0.0214906,0.0217803,0.9912,196.20000000000002,24.0,0.05334102471427679,0.07483162471427679,12.93891268001108,955.4889363700488,168
240,5.0,25.0,49.050000000000004,0.26143809502555004,0.0011538,0.0011536,0.9875,49.050000000000004,25.0,0.011016618001978533,0.012170418001978532,2.2833665573439363,175.64358133414896,168
241,6.0,25.0,58.86,0.31372571403066,0.0016598,0.0016598,0.9884,58.86,25.0,0.01102348165010537,0.01268328165010537,2.379588043115407,183.04523408580053,168
242,7.0,25.0,68.67,0.36601333303577005,0.0022574,0.0022581,0.989,68.67,25.0,0.010953634604518253,0.013211034604518253,2.4786030027042996,190.66176943879225,168
243,8.0,25.0,78.48,0.4183009520408801,0.0029466,0.0029486,0.9894,78.48,25.0,0.01082388226850629,0.01377048226850629,2.5835644006059004,198.7357231235308,168
244,9.0,25.0,88.29,0.47058857104599006,0.0037273,0.0037313,0.9898,88.29,25.0,0.010669717888072002,0.014397017888072001,2.701112580172825,207.77789078252502,168
245,10.0,25.0,98.10000000000001,0.5228761900511001,0.0045993,0.0046064,0.99,98.10000000000001,25.0,0.01054532255193132,0.01514462255193132,2.8413752636150216,218.5673279703863,168
246,11.0,25.0,107.91000000000001,0.5751638090562101,0.0055624,0.005574,0.9902,107.91000000000001,25.0,0.010523565191513595,0.016085965191513597,3.0179863136113823,232.15279335472172,168
247,12.0,25.0,117.72,0.62745142806132,0.0066163,0.0066343,0.9904,117.72,25.0,0.010696002580961587,0.017312302580961586,3.2480669716981283,249.85130551524057,168
248,13.0,25.0,127.53,0.6797390470664301,0.0077609,0.0077875,0.9905,127.53,25.0,0.011172879337131476,0.018933779337131477,3.552282143103659,273.25247254643523,168
249,14.0,25.0,137.34,0.7320266660715401,0.0089957,0.0090339,0.9907,137.34,25.0,0.012083127919592847,0.021078827919592848,3.954727827078857,304.20983285221973,168
250,15.0,25.0,147.15,0.7843142850766501,0.0103206,0.0103735,0.9908,147.15,25.0,0.013574368630628702,0.0238949686306287,4.483081209790008,344.8524007530775,168
251,16.0,25.0,156.96,0.8366019040817602,0.0117351,0.0118068,0.9909,156.96,25.0,0.015812909615235456,0.027548009615235458,5.168450571425886,397.5731208789143,168
252,17.0,25.0,166.77,0.8888895230868702,0.0132389,0.0133339,0.9909,166.77,25.0,0.018983746861122943,0.032222646861122944,6.04548785586744,465.0375273744184,168
253,18.0,25.0,176.58,0.9411771420919801,0.0148315,0.0149551,0.991,176.58,25.0,0.023290564198714402,0.0381220641987144,7.152313624241332,550.177971095487,168
254,19.0,25.0,186.39000000000001,0.9934647610970901,0.0165124,0.0166708,0.9911,186.39000000000001,25.0,0.028955733301146487,0.04546813330114649,8.530554578143171,656.1965060110132,168
255,20.0,25.0,196.20000000000002,1.0457523801022002,0.0182811,0.0184812,0.9911,196.20000000000002,25.0,0.03622031368426928,0.05450141368426928,10.225343559637514,786.5648892028856,168
